City_ID,City,Lat,Lng,Max Temp,Humidity,Cloudiness,Wind Speed,Current Description
0,Guerrero Negro,27.9769,-114.0611,59.85,75,100,9.13,overcast clouds
1,Mataura,-46.1927,168.8643,58.48,45,12,5.86,few clouds
2,Albany,42.6001,-73.9662,39.72,62,18,4.88,few clouds
3,Hilo,19.7297,-155.09,73.13,50,75,5.75,light rain
4,Bluefield,37.2698,-81.2223,30.76,68,1,1.01,clear sky
5,Hasaki,35.7333,140.8333,55.29,33,0,17.87,clear sky
6,Avarua,-21.2078,-159.775,71.65,94,75,8.05,moderate rain
7,Rikitea,-23.1203,-134.9692,77.49,79,83,9.22,light rain
8,Bluff,-46.6,168.3333,58.8,80,2,12.97,clear sky
9,Bilibino,68.0546,166.4372,-30.64,91,76,5.08,broken clouds
10,Port Alfred,-33.5906,26.891,74.91,83,100,3.98,overcast clouds
11,Saskylakh,71.9167,114.0833,-44.21,100,68,3.91,broken clouds
12,Puerto Ayora,-0.7393,-90.3518,67.55,99,83,3.0,broken clouds
13,Iqaluit,63.7506,-68.5145,2.93,65,90,5.01,overcast clouds
14,Finschhafen,-6.6024,147.8681,84.79,73,99,3.89,overcast clouds
15,Vangaindrano,-23.35,47.6,84.72,56,21,5.79,few clouds
16,Excelsior Springs,39.3392,-94.2261,45.37,43,1,3.44,clear sky
17,Punta Arenas,-53.15,-70.9167,42.91,65,40,16.11,scattered clouds
18,Tiarei,-17.5333,-149.3333,80.62,76,42,11.86,light rain
19,Neryungri,56.6709,124.6491,-19.98,98,93,0.16,overcast clouds
20,Jamestown,42.097,-79.2353,40.59,62,1,1.01,clear sky
21,Rovaniemi,66.5,25.7167,29.61,100,75,9.22,light snow
22,Bredasdorp,-34.5322,20.0403,65.52,88,75,6.91,light rain
23,Cape Town,-33.9258,18.4232,71.11,74,20,4.0,few clouds
24,Seddon,-37.8068,144.8916,91.2,26,0,10.36,clear sky
25,Walvis Bay,-22.9575,14.5053,60.1,88,90,3.44,overcast clouds
26,Zhigansk,66.7697,123.3711,-35.91,99,61,11.14,broken clouds
27,Ushuaia,-54.8,-68.3,38.82,87,75,5.75,broken clouds
28,Abu Dhabi,24.4667,54.3667,73.51,68,0,4.61,clear sky
29,Churapcha,62.0025,132.4325,-26.41,100,97,2.06,overcast clouds
30,New Norfolk,-42.7826,147.0587,75.65,30,100,3.51,light rain
31,Busselton,-33.65,115.3333,69.98,45,100,14.34,overcast clouds
32,Almeirim,-1.5233,-52.5817,73.18,94,100,3.42,overcast clouds
33,San Andres,12.5847,-81.7006,80.62,78,40,13.8,scattered clouds
34,Berlevag,70.8578,29.0864,33.75,93,75,7.27,light shower snow
35,Saint-Philippe,-21.3585,55.7679,85.55,66,1,12.37,clear sky
36,Port Keats,-14.25,129.55,90.45,57,44,11.07,scattered clouds
37,Victoria,22.2855,114.1577,74.17,64,1,1.01,clear sky
38,Moron,-34.6534,-58.6198,73.15,70,100,4.34,light rain
39,Kasangulu,-4.5911,15.1708,72.54,87,100,3.49,overcast clouds
40,Leningradskiy,69.3833,178.4167,-30.62,89,27,3.8,scattered clouds
41,Tromso,69.6496,18.957,32.38,93,75,8.05,light shower snow
42,Faanui,-16.4833,-151.75,81.19,72,94,8.46,overcast clouds
43,Qixia,37.2975,120.8256,36.63,36,0,7.81,clear sky
44,Torbay,47.6666,-52.7314,37.67,72,1,28.77,clear sky
45,Kapaa,22.0752,-159.319,76.98,77,40,5.99,scattered clouds
46,Kodiak,57.79,-152.4072,11.71,62,1,14.97,clear sky
47,Sistranda,63.7256,8.834,42.91,71,100,19.26,overcast clouds
48,Hobart,-42.8794,147.3294,76.01,63,0,1.01,clear sky
49,Altay,47.8667,88.1167,18.18,80,100,2.77,overcast clouds
50,Castro,-24.7911,-50.0119,63.7,83,100,4.34,overcast clouds
51,Camacha,33.0833,-16.3333,57.52,94,20,2.3,few clouds
52,Bengkulu,-3.8004,102.2655,84.51,67,37,6.78,scattered clouds
53,Yellowknife,62.456,-114.3525,6.3,92,90,4.61,light snow
54,Araouane,18.9048,-3.5265,65.23,11,75,10.33,broken clouds
55,Dzaoudzi,-12.7887,45.2699,85.89,70,5,5.75,light rain
56,Kyenjojo,0.6328,30.6214,75.47,44,79,3.24,broken clouds
57,Bathsheba,13.2167,-59.5167,79.41,83,40,17.27,scattered clouds
58,Ribeira Grande,38.5167,-28.7,59.13,55,100,12.8,overcast clouds
59,Carnarvon,-24.8667,113.6333,78.87,61,0,24.16,clear sky
60,Dryden,49.7833,-92.7503,30.49,93,90,12.66,overcast clouds
61,Qasigiannguit,68.8193,-51.1922,10.65,86,64,4.03,broken clouds
62,Meadow Lake,34.8014,-106.5436,41.43,46,4,3.04,clear sky
63,Kachug,53.9606,105.8817,14.29,77,100,7.96,overcast clouds
64,Otjimbingwe,-22.35,16.1333,82.6,16,0,2.08,clear sky
65,Chernyshevskiy,63.0128,112.4714,-24.72,96,100,5.48,overcast clouds
66,Husavik,66.0449,-17.3389,33.71,77,97,14.14,overcast clouds
67,Quatre Cocos,-20.2078,57.7625,83.08,68,19,13.29,light rain
68,Morales,2.757,-76.6172,57.74,97,100,1.45,overcast clouds
69,Kieta,-6.2167,155.6333,83.08,80,95,5.39,light rain
70,Chuy,-33.6971,-53.4616,67.57,81,98,5.59,light rain
71,Gao,16.6362,1.637,71.17,10,100,10.25,overcast clouds
72,Leonberg,48.8,9.0167,42.04,98,90,2.3,fog
73,Hermanus,-34.4187,19.2345,66.9,79,100,6.35,overcast clouds
74,Amahai,-3.3333,128.9167,84.49,75,100,3.22,overcast clouds
75,Khatanga,71.9667,102.5,-33.65,94,92,8.79,overcast clouds
76,Arraial Do Cabo,-22.9661,-42.0278,75.11,93,100,10.65,overcast clouds
77,Alofi,-19.0595,-169.9187,80.49,69,75,5.75,broken clouds
78,Nador,35.174,-2.9287,57.45,94,75,1.14,broken clouds
79,Bubaque,11.2833,-15.8333,80.89,66,71,11.32,broken clouds
80,San Cristobal,7.7669,-72.225,64.54,91,96,3.47,overcast clouds
81,Butaritari,3.0707,172.7902,82.44,72,45,14.65,scattered clouds
82,Mamallapuram,12.6264,80.1722,87.85,71,87,18.1,overcast clouds
83,Verkhoyansk,67.5447,133.385,-46.97,100,95,2.66,overcast clouds
84,Nome,64.5011,-165.4064,-16.53,69,1,4.61,clear sky
85,Praia,14.9215,-23.5087,72.14,83,99,14.97,overcast clouds
86,Saint-Raymond,45.467,-73.6095,42.4,70,20,5.75,few clouds
87,Raton,36.9034,-104.4391,39.18,20,1,6.91,clear sky
88,Saldanha,-33.0117,17.9442,66.25,87,27,15.57,scattered clouds
89,Yabrud,33.9674,36.6574,37.06,41,100,5.01,overcast clouds
90,Capao Bonito,-24.0058,-48.3494,65.16,79,100,2.21,overcast clouds
91,Nikolskoye,59.7035,30.7861,26.8,99,100,3.76,light snow
92,Codrington,-38.2667,141.9667,61.83,70,100,14.18,light rain
93,Saint-Joseph,-21.3667,55.6167,84.56,63,1,13.44,clear sky
94,Hambantota,6.1241,81.1185,77.34,100,75,9.22,broken clouds
95,Beipiao,41.7919,120.7792,31.95,22,0,10.74,clear sky
96,Jalu,29.0331,21.5482,55.33,70,15,5.17,few clouds
97,Georgiyevka,43.0369,74.7114,39.24,75,93,2.24,overcast clouds
98,Hohhot,40.8106,111.6522,25.09,42,0,4.47,clear sky
99,Yartsevo,55.0667,32.6964,31.17,99,100,3.53,light snow
100,Ampanihy,-24.7,44.75,95.74,21,0,8.95,clear sky
101,Hithadhoo,-0.6,73.0833,82.11,73,98,8.34,overcast clouds
102,Coquimbo,-29.9533,-71.3436,58.73,82,0,3.44,clear sky
103,Moyale,3.5167,39.0584,75.51,57,11,11.01,few clouds
104,Sitka,57.0531,-135.33,33.69,55,40,4.61,scattered clouds
105,Sheksna,59.21,38.5107,21.16,96,100,11.52,light snow
106,Lugovoy,42.9472,72.7644,41.72,67,91,6.6,overcast clouds
107,Marzuq,14.4,46.4667,63.07,43,0,7.25,clear sky
108,Urucara,-2.5364,-57.76,73.8,98,100,1.63,overcast clouds
109,Saint George,37.1041,-113.5841,40.78,56,1,1.99,clear sky
110,Hay River,60.8156,-115.7999,-4.02,77,75,9.22,broken clouds
111,Ninghai,29.2892,121.4247,58.73,55,31,6.24,scattered clouds
112,Cururupu,-1.8283,-44.8683,77.7,85,93,4.25,overcast clouds
113,Port Elizabeth,-33.918,25.5701,73.69,83,75,10.36,light rain
114,Santa Cruz,-17.8,-63.1667,74.66,100,90,16.11,overcast clouds
115,Ust-Kuyga,70.0167,135.6,-37.93,100,100,2.55,overcast clouds
116,Aykhal,66.0,111.5,-49.59,99,64,5.82,broken clouds
117,Souillac,-20.5167,57.5167,83.35,69,75,11.5,broken clouds
118,Jinchang,38.4953,102.1739,32.83,25,0,6.53,clear sky
119,Merrill,45.1805,-89.6835,33.98,64,1,8.05,clear sky
120,Sipkovica,42.035,20.9156,25.43,83,78,3.85,broken clouds
121,Tazovskiy,67.4667,78.7,-31.13,97,24,4.41,few clouds
122,Tornio,65.8481,24.1466,32.02,95,100,6.04,overcast clouds
123,Quime,-16.9833,-67.2167,51.42,69,81,2.98,broken clouds
124,Mackay,-21.15,149.2,86.04,58,0,17.27,clear sky
125,Suez,29.9737,32.5263,67.1,56,100,10.38,overcast clouds
126,Tuktoyaktuk,69.4541,-133.0374,-9.4,77,40,17.27,scattered clouds
127,Vaini,-21.2,-175.2,78.96,89,20,6.91,few clouds
128,Mitchell,43.7094,-98.0298,33.78,74,1,5.01,clear sky
129,Korla,41.7597,86.1469,28.85,49,8,5.64,clear sky
130,Ancud,-41.8697,-73.8203,49.42,81,100,4.21,overcast clouds
131,Kolda,12.8833,-14.95,70.11,88,0,0.0,clear sky
132,Itabera,-23.8619,-49.1372,65.93,78,100,6.78,overcast clouds
133,Sembabule,-0.0772,31.4567,75.52,56,77,4.74,broken clouds
134,Kahului,20.8947,-156.47,73.42,93,40,16.11,light rain
135,Padang,-0.9492,100.3543,87.85,85,100,4.07,overcast clouds
136,Sibu,2.3,111.8167,89.91,66,40,8.05,scattered clouds
137,Alice Springs,-23.7,133.8833,96.35,11,11,5.75,few clouds
138,Mehran,33.1222,46.1646,65.68,20,67,1.59,broken clouds
139,Tautira,-17.7333,-149.15,80.62,76,34,12.3,light rain
140,Luanda,-8.8368,13.2343,75.2,94,75,9.22,moderate rain
141,San Vicente,-26.6167,-54.1333,69.04,65,100,1.77,overcast clouds
142,Namatanai,-3.6667,152.4333,84.65,74,100,5.48,light rain
143,Ilulissat,69.2167,-51.1,10.42,72,97,2.3,overcast clouds
144,Keti Bandar,24.1447,67.4497,77.09,17,0,6.15,clear sky
145,Lagoa,39.05,-27.9833,58.08,54,100,12.97,overcast clouds
146,Tibiri,13.5627,7.0485,64.74,20,0,11.5,clear sky
147,Nantucket,41.2835,-70.0995,45.97,65,0,22.57,clear sky
148,Kaitangata,-46.2817,169.8464,57.36,78,1,6.85,clear sky
149,Masaka,-0.3338,31.7341,73.35,67,100,5.68,overcast clouds
150,At-Bashi,41.1702,75.8106,18.61,61,100,1.23,overcast clouds
151,Los Llanos De Aridane,28.6585,-17.9182,60.55,82,75,5.01,broken clouds
152,Male,4.1748,73.5089,85.95,74,75,9.22,broken clouds
153,Lebu,-37.6167,-73.65,48.92,89,27,7.02,scattered clouds
154,Naze,28.3667,129.4833,59.92,65,100,16.49,overcast clouds
155,Narsaq,60.9167,-46.05,19.62,80,100,6.02,overcast clouds
156,Broome,42.2506,-75.833,38.62,62,1,3.0,clear sky
157,Chokurdakh,70.6333,147.9167,-34.74,97,100,3.4,overcast clouds
158,Stabat,3.761,98.4513,86.2,57,57,7.14,broken clouds
159,Barrow,71.2906,-156.7887,-14.78,70,1,11.5,clear sky
160,Esperance,-33.8667,121.9,67.84,52,100,15.79,overcast clouds
161,Bambous Virieux,-20.3428,57.7575,83.21,69,75,11.5,light rain
162,Tasiilaq,65.6145,-37.6368,32.16,85,100,4.9,overcast clouds
163,Krasnoselkup,65.7,82.4667,-32.82,93,17,5.61,few clouds
164,Hvide Sande,56.0045,8.1294,48.49,100,75,8.05,light intensity drizzle
165,Vestmannaeyjar,63.4427,-20.2734,42.93,79,100,14.92,overcast clouds
166,Zhicheng,30.2956,111.5047,57.69,44,9,8.95,clear sky
167,Usmajac,19.8667,-103.5667,58.93,73,4,0.76,clear sky
168,Pangnirtung,66.1451,-65.7125,-3.37,72,100,6.76,overcast clouds
169,Atar,20.5169,-13.0499,67.26,17,100,7.58,overcast clouds
170,Kavieng,-2.5744,150.7967,83.82,75,36,8.32,scattered clouds
171,Aklavik,68.2191,-135.0107,-4.97,87,100,19.44,overcast clouds
172,Kununurra,-15.7667,128.7333,107.58,19,9,9.22,clear sky
173,Atuona,-9.8,-139.0333,78.94,79,26,19.46,scattered clouds
174,Torva,58.0028,25.935,33.82,94,100,3.27,overcast clouds
175,Ponta Do Sol,32.6667,-17.1,63.72,79,35,2.82,scattered clouds
176,Villazon,-22.0866,-65.5942,52.93,44,67,2.53,broken clouds
177,Portland,45.5234,-122.6762,42.78,94,90,1.01,overcast clouds
178,Mahebourg,-20.4081,57.7,83.25,69,75,11.5,light rain
179,Cabo San Lucas,22.8909,-109.9124,71.51,78,58,6.17,broken clouds
180,Shemysheyka,52.892,45.3928,19.62,67,100,10.96,overcast clouds
181,Santo Antonio Do Ica,-3.1022,-67.9397,73.06,99,95,2.59,moderate rain
182,Parati,-23.2178,-44.7131,73.29,90,100,4.23,overcast clouds
183,Tonantins,-2.8731,-67.8022,72.84,99,97,2.55,light rain
184,Pestravka,52.405,49.9583,17.17,80,5,5.57,clear sky
185,Sinnamary,5.3833,-52.95,77.38,88,96,9.55,light rain
186,Sao Filipe,14.8961,-24.4956,74.34,74,100,7.99,overcast clouds
187,Yar-Sale,66.8333,70.8333,-17.16,99,85,3.02,overcast clouds
188,Rabaul,-4.1967,152.1721,83.01,79,42,9.89,moderate rain
189,Marsh Harbour,26.5412,-77.0636,75.9,75,6,11.92,clear sky
190,Orlik,52.5178,99.825,13.06,81,93,6.02,overcast clouds
191,Viedma,-40.8135,-62.9967,58.98,55,6,7.85,clear sky
192,Salalah,17.0151,54.0924,77.09,36,0,16.11,clear sky
193,Santa Vitoria Do Palmar,-33.5189,-53.3681,67.86,81,94,6.73,overcast clouds
194,Vung Tau,10.346,107.0843,80.19,74,100,4.94,overcast clouds
195,Pisco,-13.7,-76.2167,64.45,88,0,5.75,clear sky
196,Dikson,73.5069,80.5464,-11.52,98,100,20.09,overcast clouds
197,Petropavlovsk-Kamchatskiy,53.0452,158.6483,25.39,68,0,6.71,clear sky
198,Bethel,41.3712,-73.414,41.36,58,1,1.99,clear sky
199,Fukue,32.6881,128.8419,48.56,61,75,10.36,broken clouds
200,George,-33.963,22.4617,65.75,82,90,3.44,light rain
201,Cockburn Town,21.4612,-71.1419,80.26,72,0,21.27,clear sky
202,Namibe,-15.1961,12.1522,72.68,74,100,5.61,overcast clouds
203,Praia Da Vitoria,38.7333,-27.0667,53.85,87,40,14.34,scattered clouds
204,Rio Grande,-32.035,-52.0986,69.08,85,51,9.44,broken clouds
205,Champerico,14.3,-91.9167,81.36,82,0,3.96,clear sky
206,Sokoto,13.0609,5.239,68.95,16,100,9.51,overcast clouds
207,Russell,32.3502,-85.1999,45.63,93,1,0.0,clear sky
208,Balingasay,16.3573,119.8564,81.54,68,14,7.96,few clouds
209,Zwonitz,50.6333,12.8,40.78,97,100,4.21,overcast clouds
210,Solnechnyy,50.7214,136.6319,14.9,96,100,1.92,overcast clouds
211,Upernavik,72.7868,-56.1549,7.36,91,100,8.34,overcast clouds
212,Dwarka,22.2394,68.9678,78.17,39,0,10.02,clear sky
213,Scottsbluff,41.8666,-103.6672,37.29,60,1,1.01,clear sky
214,Anadyr,64.75,177.4833,5.5,72,40,24.61,scattered clouds
215,Khon Kaen,16.5,102.0833,81.66,42,12,7.49,few clouds
216,East London,-33.0153,27.9116,76.14,78,0,3.44,clear sky
217,Fairbanks,64.8378,-147.7164,-18.69,70,1,0.0,light snow
218,Nyrob,60.733,56.7202,-1.44,99,100,4.7,overcast clouds
219,Sorong,-0.8833,131.25,84.47,75,98,8.79,overcast clouds
220,Zambezi,-13.5432,23.1047,77.34,67,78,3.22,broken clouds
221,Bilma,18.6853,12.9164,62.4,13,93,8.63,overcast clouds
222,Milkovo,54.7167,158.6167,13.87,91,100,3.4,overcast clouds
223,Deputatskiy,69.3,139.9,-39.05,99,34,1.86,scattered clouds
224,Thompson,55.7435,-97.8558,-2.04,84,75,3.44,light snow
225,Hailey,43.5196,-114.3153,31.89,85,90,3.44,light snow
226,Taldan,53.6667,124.8,0.37,94,100,1.23,overcast clouds
227,Soyo,-6.1349,12.3689,78.85,87,100,6.55,overcast clouds
228,Kupang,-10.1667,123.5833,84.78,84,40,11.5,scattered clouds
229,Mazatlan,23.2167,-106.4167,71.02,89,1,0.0,clear sky
230,Kangaatsiaq,68.3065,-53.4641,13.95,96,92,9.31,overcast clouds
231,San Policarpo,12.1791,125.5072,80.4,84,100,18.5,overcast clouds
232,Kruisfontein,-34.0033,24.7314,69.89,96,100,3.98,light rain
233,Mount Gambier,-37.8333,140.7667,64.31,63,90,12.66,light rain
234,Eugene,44.0521,-123.0867,43.38,92,90,1.99,overcast clouds
235,Clyde River,70.4692,-68.5914,-16.04,98,100,4.36,overcast clouds
236,Tuatapere,-46.1333,167.6833,58.82,70,40,5.37,scattered clouds
237,Te Anau,-45.4167,167.7167,64.51,74,58,1.88,broken clouds
238,Zabaykalsk,49.6333,117.3167,14.94,79,19,7.74,few clouds
239,Tongling,30.95,117.7833,53.28,47,5,7.49,clear sky
240,Manicore,-5.8092,-61.3003,74.34,98,100,2.26,overcast clouds
241,Malanje,-9.5402,16.341,65.7,98,100,5.39,light rain
242,Hounde,11.5,-3.5167,73.69,22,5,2.48,clear sky
243,Reyes,-14.3167,-67.3833,76.59,86,100,6.73,overcast clouds
244,Hualmay,-11.0964,-77.6139,66.18,91,17,6.29,few clouds
245,Geraldton,-28.7667,114.6,79.21,44,0,18.41,clear sky
246,Palana,59.1167,159.9667,9.43,88,100,24.99,overcast clouds
247,Mathathane,-22.2687,28.7495,85.01,43,100,15.93,overcast clouds
248,Cidreira,-30.1811,-50.2056,71.02,95,42,10.89,scattered clouds
249,Allen,41.0706,-85.0144,38.28,72,20,8.01,few clouds
250,Helong,42.5397,128.9972,23.27,51,0,4.29,clear sky
251,Port Hedland,-20.3167,118.5667,91.45,62,4,14.97,clear sky
252,Taoudenni,22.6783,-3.9836,60.13,40,8,8.37,clear sky
253,Sagar,23.8333,78.7167,73.36,34,0,1.79,clear sky
254,Ishigaki,24.3448,124.1572,71.73,68,75,20.71,broken clouds
255,Acapulco,16.8634,-99.8901,76.82,88,20,4.61,few clouds
256,Sovetskiy,61.3614,63.5842,8.96,92,100,0.49,overcast clouds
257,Coari,-4.085,-63.1414,73.18,98,100,2.08,moderate rain
258,Juneau,58.3019,-134.4197,24.85,97,100,8.32,overcast clouds
259,Krasnovka,48.8177,40.0923,30.63,55,100,19.06,overcast clouds
260,Two Hills,53.7169,-111.7518,9.09,100,100,2.3,overcast clouds
261,Roald,62.5833,6.1333,49.12,65,75,17.27,broken clouds
262,Vila Velha,-20.3297,-40.2925,76.95,86,0,8.01,clear sky
263,Voh,-20.9667,164.7,76.41,95,100,3.49,overcast clouds
264,Tomigusuku,26.185,127.675,67.77,65,75,23.02,broken clouds
265,Kondinskoye,59.6481,67.41,5.4,98,79,4.23,broken clouds
266,Adrar,20.5022,-10.0711,62.11,18,92,10.56,overcast clouds
267,Sola,-13.8833,167.55,82.96,78,100,14.65,moderate rain
268,Eyl,7.9803,49.8164,84.16,51,0,23.22,clear sky
269,Aloleng,16.1307,119.7824,84.78,62,7,9.4,clear sky
270,Luwuk,-0.9516,122.7875,85.53,77,100,2.15,overcast clouds
271,Muisne,0.6,-80.0333,73.53,95,100,4.9,light rain
272,Ostrovnoy,68.0531,39.5131,26.19,94,100,11.25,overcast clouds
273,Provideniya,64.3833,-173.3,-10.95,93,100,12.12,overcast clouds
274,Olafsvik,64.8945,-23.7142,39.83,95,100,15.82,light rain
275,Gravdal,68.1214,13.5031,35.28,80,20,0.0,light rain
276,Chumikan,54.7183,135.315,5.11,86,30,17.9,scattered clouds
277,Gorodishche,48.8045,44.4744,20.28,86,75,15.66,broken clouds
278,Klaksvik,62.2266,-6.589,40.12,97,100,38.1,overcast clouds
279,Mporokoso,-9.3727,30.125,76.37,51,6,7.18,clear sky
280,Omsk,55.0,73.4,12.09,72,75,8.99,broken clouds
281,Aksarka,66.5606,67.7975,-13.52,100,100,5.37,overcast clouds
282,Talnakh,69.4865,88.3972,-27.92,82,57,3.09,broken clouds
283,Lompoc,34.6391,-120.4579,51.78,85,1,5.75,clear sky
284,Lovozero,68.005,35.0117,20.34,94,100,4.59,overcast clouds
285,Lumut,4.2323,100.6298,91.76,70,40,5.75,scattered clouds
286,Kavaratti,10.5669,72.642,82.54,68,80,6.6,broken clouds
287,Paka,4.6374,103.4368,84.13,79,40,10.36,scattered clouds
288,Luderitz,-26.6481,15.1594,70.66,52,0,16.35,clear sky
289,Srednekolymsk,67.45,153.6833,-26.39,93,100,2.48,overcast clouds
290,Quang Ngai,15.1167,108.8,73.35,85,94,9.64,overcast clouds
291,Longyearbyen,78.2186,15.6401,31.84,86,40,14.97,light shower snow
292,Umm Lajj,25.0213,37.2685,79.63,24,100,3.27,overcast clouds
293,Rio Gallegos,-51.6226,-69.2181,42.85,49,40,8.05,scattered clouds
294,Waspan,14.7419,-83.9717,70.03,98,8,2.93,clear sky
295,Lavrentiya,65.5833,-171.0,-16.82,90,77,5.08,broken clouds
296,San Patricio,28.017,-97.5169,64.26,79,100,4.07,overcast clouds
297,Cafelandia,-21.8025,-49.61,75.16,69,100,4.27,overcast clouds
298,Mecca,21.4267,39.8261,80.06,26,6,0.72,clear sky
299,Guadalupe Victoria,32.2869,-115.105,49.28,21,0,2.82,clear sky
300,Saint-Georges,12.0564,-61.7485,74.88,94,75,5.75,broken clouds
301,Ust-Tsilma,65.441,52.1498,9.97,94,100,5.12,overcast clouds
302,Oeiras,-7.0253,-42.1311,82.22,48,100,2.93,overcast clouds
303,Springfield,37.2153,-93.2982,39.97,66,1,8.01,clear sky
304,Cessnock,-32.8333,151.35,71.13,60,0,7.78,clear sky
305,Puerto Del Rosario,28.5004,-13.8627,60.55,94,20,8.05,few clouds
306,Nicoya,10.1483,-85.452,76.55,88,100,2.98,overcast clouds
307,Thanatpin,17.2119,96.3033,86.94,46,10,5.12,clear sky
308,Sisimiut,66.9395,-53.6735,15.28,83,6,11.63,clear sky
309,Pevek,69.7008,170.3133,-32.46,97,12,2.35,few clouds
310,Banov,48.988,17.7175,31.24,93,100,3.04,overcast clouds
311,Baykit,61.67,96.37,-21.01,99,82,1.12,broken clouds
312,Mitsamiouli,-11.3847,43.2844,89.89,51,40,12.66,scattered clouds
313,Ugoofaaru,5.6667,73.0,80.1,80,100,13.09,light rain
314,La Orilla,17.9833,-102.2333,74.57,88,0,3.69,clear sky
315,Melfi,40.9965,15.6514,41.49,81,58,8.03,broken clouds
316,Bagdarin,54.4333,113.6,6.91,82,11,2.93,few clouds
317,Donghai,22.9459,115.642,72.95,47,0,6.96,clear sky
318,Kodyma,48.0988,29.1246,33.15,94,100,3.74,light snow
319,Evensk,61.95,159.2333,11.1,54,100,22.03,overcast clouds
320,Banda Aceh,5.5577,95.3222,85.96,62,40,9.13,scattered clouds
321,Washington,47.5001,-120.5015,33.8,84,99,2.28,overcast clouds
322,Quartucciu,39.2519,9.1794,48.45,93,0,6.91,clear sky
323,Andenes,69.3143,16.1194,35.58,87,75,9.22,light intensity drizzle
324,Durham,36.0335,-78.8664,34.5,86,1,0.0,clear sky
325,Chapais,49.7834,-74.8492,29.98,92,100,13.31,overcast clouds
326,Inhambane,-23.865,35.3833,85.98,74,40,16.11,scattered clouds
327,Tiksi,71.6872,128.8694,-22.31,100,98,0.6,overcast clouds
328,Boueni,-12.9025,45.0761,85.98,70,4,1.77,light rain
329,Ordynskoye,54.3656,81.8994,10.49,94,100,11.1,light snow
330,Souris,49.6172,-100.2612,27.73,90,100,7.09,overcast clouds
331,Kulachi,31.9286,70.4592,67.51,18,0,1.79,clear sky
332,Chadan,51.2833,91.5833,5.16,93,100,1.83,overcast clouds
333,Ust-Uda,54.1742,103.0304,14.38,82,100,8.59,overcast clouds
334,Maracacume,-2.0428,-45.9592,73.83,97,100,2.15,overcast clouds
335,Suntar,62.1444,117.6319,-17.46,96,100,5.99,overcast clouds
336,Jefferson City,38.5767,-92.1735,41.74,49,1,5.01,clear sky
337,Barkhan,29.8977,69.5256,59.07,22,0,4.18,clear sky
338,Emba,48.8264,58.1442,18.95,73,1,10.38,clear sky
339,Troitskoye,52.9821,84.6757,10.94,91,100,8.46,light snow
340,Clinton,42.587,-82.9199,41.67,65,100,1.01,overcast clouds
341,Bud,39.447,-86.1758,37.15,69,0,8.01,clear sky
342,Banepa,27.6298,85.5214,62.92,39,20,2.3,few clouds
343,Butterworth,5.3991,100.3638,87.85,66,20,7.0,few clouds
344,Ranong,9.9658,98.6348,87.73,64,52,11.79,broken clouds
345,Fonte Boa,-2.4959,-66.2662,74.71,94,100,1.92,overcast clouds
346,Airai,-8.9266,125.4092,71.19,77,71,1.5,broken clouds
347,Lake City,30.1897,-82.6393,61.0,94,75,0.0,broken clouds
348,Halifax,44.6453,-63.5724,39.2,68,1,5.01,clear sky
349,Ambon,-3.6954,128.1814,85.39,72,83,9.78,broken clouds
350,Guisa,20.255,-76.5386,71.91,95,17,4.14,few clouds
351,Koungou,-12.7336,45.2042,85.71,70,6,5.75,light rain
352,Lufilufi,-13.8745,-171.5986,74.98,73,16,11.83,light rain
353,Srivardhan,18.0333,73.0167,86.88,43,45,4.16,scattered clouds
354,Broken Hill,-31.95,141.4333,91.11,11,100,8.05,overcast clouds
355,Cherskiy,68.75,161.3,-25.13,89,100,0.67,overcast clouds
356,Qaqortoq,60.7167,-46.0333,19.9,78,100,8.68,light snow
357,Ontario,34.0633,-117.6509,52.54,68,40,4.61,scattered clouds
358,Hemnesberget,66.2333,13.6333,41.41,91,100,4.27,overcast clouds
359,Georgetown,5.4112,100.3354,87.75,66,20,7.0,few clouds
360,Pochutla,15.7432,-96.4661,73.81,64,0,3.36,clear sky
361,Okhotsk,59.3833,143.3,4.17,73,100,15.9,overcast clouds
362,Sigli,5.3848,95.9609,82.87,71,100,7.45,overcast clouds
363,Bichura,50.5881,107.6022,15.22,78,97,1.41,overcast clouds
364,Pitimbu,-7.4706,-34.8086,77.59,79,68,9.33,broken clouds
365,Marawi,7.9986,124.2928,73.65,87,100,4.36,light rain
366,Ust-Nera,64.5667,143.2,-29.87,100,100,2.57,overcast clouds
367,Yulara,-25.2406,130.9889,96.64,23,32,4.61,scattered clouds
368,Morondava,-20.2833,44.2833,85.5,66,6,7.9,clear sky
369,Santo Domingo,18.5001,-69.9886,76.03,83,1,5.01,clear sky
370,Saint-Francois,46.4154,3.9054,40.44,93,90,8.05,overcast clouds
371,Sawtell,-30.3833,153.1,77.32,66,25,14.97,scattered clouds
372,Shellbrook,53.2168,-106.4011,4.23,100,100,3.74,overcast clouds
373,Bull Savanna,17.8868,-77.5902,72.68,83,2,6.71,clear sky
374,Fortuna,40.5982,-124.1573,50.34,91,90,5.01,moderate rain
375,Rabak,13.1809,32.74,85.46,23,1,9.08,clear sky
376,Meulaboh,4.1363,96.1285,83.73,71,100,4.38,overcast clouds
377,Kinkala,-4.3614,14.7644,71.91,88,100,2.95,overcast clouds
378,Arvika,59.6553,12.5852,34.5,98,100,5.1,overcast clouds
379,Richards Bay,-28.783,32.0377,80.04,67,100,7.85,overcast clouds
380,Malindi,-3.2175,40.1191,82.85,73,70,7.16,light rain
381,Darab,28.7519,54.5444,63.37,16,67,0.98,broken clouds
382,Inirida,3.8653,-67.9239,72.09,96,100,1.88,overcast clouds
383,Santo Angelo,-28.2992,-54.2631,73.85,64,100,2.21,overcast clouds
384,Norman Wells,65.282,-126.8329,-2.16,71,90,16.11,light snow
385,Ikalamavony,-21.15,46.5833,86.22,28,0,5.59,clear sky
386,Pervomayskoye,43.919,46.7102,45.63,64,96,21.14,overcast clouds
387,Termoli,41.9888,14.9895,49.1,65,5,19.33,clear sky
388,Dawei,14.0833,98.2,88.65,41,8,8.75,clear sky
389,Hammerfest,70.6634,23.6821,36.05,87,75,5.75,broken clouds
390,Qaanaaq,77.484,-69.3632,-2.38,70,0,4.72,clear sky
391,Dharchula,29.85,80.5333,62.46,25,100,4.99,overcast clouds
392,Siedlce,52.1677,22.2901,25.57,98,54,2.28,broken clouds
393,Ahipara,-35.1667,173.1667,66.81,96,100,7.09,overcast clouds
394,Vallenar,-28.5708,-70.7581,58.96,65,0,2.57,clear sky
395,Abnub,27.2696,31.1511,59.22,38,100,6.26,overcast clouds
396,Carmen,18.6333,-91.8333,78.21,79,27,9.17,scattered clouds
397,Leeton,-34.5667,146.4,92.89,18,0,5.75,clear sky
398,Jiexiu,37.0244,111.9125,41.79,29,0,6.31,clear sky
399,Aksu,41.1231,80.2644,30.97,45,91,2.24,overcast clouds
400,Glogow,51.6636,16.0845,38.7,100,100,5.53,overcast clouds
401,Tezu,27.9167,96.1667,76.66,30,0,3.6,clear sky
402,Chimbote,-9.0853,-78.5783,65.57,87,11,5.82,few clouds
403,Debre Sina,9.85,39.7667,55.89,60,86,7.09,overcast clouds
404,Smithers,54.7804,-127.1743,14.32,92,90,0.0,light snow
405,Barranca,-10.75,-77.7667,65.77,89,57,5.44,broken clouds
406,Akita,39.7167,140.1167,32.94,74,75,24.16,light shower snow
407,Paamiut,61.994,-49.6678,15.3,78,100,6.22,overcast clouds
408,Colesberg,-30.72,25.0972,73.13,49,71,14.43,broken clouds
409,General Roca,-39.0333,-67.5833,57.61,45,8,13.0,clear sky
410,Severo-Kurilsk,50.6789,156.125,32.43,86,100,6.26,overcast clouds
411,Roebourne,-20.7833,117.1333,98.91,25,0,20.15,clear sky
412,Mount Isa,-20.7333,139.5,105.57,6,2,5.75,clear sky
413,Kayerkan,69.3497,87.7602,-28.48,74,57,1.3,broken clouds
414,Mason City,43.1536,-93.201,38.08,61,0,11.83,clear sky
415,Mayumba,-3.432,10.6554,78.46,88,91,5.28,overcast clouds
416,Wanning,18.8003,110.3967,70.81,79,100,13.89,overcast clouds
417,Damietta,31.4165,31.8133,68.58,66,100,8.59,overcast clouds
418,Paita,-5.0892,-81.1144,66.65,84,34,6.58,scattered clouds
419,Kasongo-Lunda,-6.4667,16.8167,70.68,98,100,1.32,overcast clouds
420,North Battleford,52.7834,-108.2847,19.49,93,90,0.0,overcast clouds
421,Tilichiki,60.4667,166.1,1.99,93,100,21.63,snow
422,Langen,49.9933,8.6728,44.89,94,75,3.0,broken clouds
423,Batagay-Alyta,67.8006,130.4114,-37.64,98,44,5.12,scattered clouds
424,Zwedru,6.0667,-8.1281,73.36,93,14,0.67,few clouds
425,The Valley,18.217,-63.0578,80.1,76,96,22.77,overcast clouds
426,Shambu,9.5667,37.1,64.89,27,86,0.83,overcast clouds
427,Lekoni,-1.5843,14.2591,77.43,77,100,2.75,overcast clouds
428,Cayenne,4.9333,-52.3333,79.09,88,75,5.01,broken clouds
429,Waingapu,-9.6567,120.2641,86.11,69,100,5.1,overcast clouds
430,Shahreza,32.0339,51.8794,47.95,26,93,1.68,overcast clouds
431,Jaguariaiva,-24.2511,-49.7058,66.06,85,100,3.27,overcast clouds
432,Sona,45.4388,10.8255,40.32,86,0,5.75,clear sky
433,Aasiaat,68.7098,-52.8699,3.99,100,99,5.95,overcast clouds
434,Victoria Point,-27.5833,153.3,81.52,70,12,7.0,few clouds
435,Isangel,-19.55,169.2667,80.87,87,100,13.4,moderate rain
436,Hofn,64.2539,-15.2082,37.45,79,100,6.71,overcast clouds
437,Hobyo,5.3505,48.5268,82.51,66,44,23.82,scattered clouds
438,Ha Tinh,18.3333,105.9,65.82,87,100,7.16,overcast clouds
439,Mazagao,-0.115,-51.2894,78.85,96,100,3.4,overcast clouds
440,Mizdah,31.4451,12.9801,45.32,72,11,6.67,few clouds
441,Maunatlala,-22.597,27.6301,85.66,37,100,9.24,overcast clouds
442,Punta Alta,-38.8759,-62.0736,62.1,45,0,6.26,clear sky
443,Kushima,31.4583,131.2333,57.24,47,4,1.86,clear sky
444,Aosta,45.7667,7.4167,27.57,72,14,2.57,few clouds
445,Rupert,42.6191,-113.6772,46.29,39,90,24.16,overcast clouds
446,Severomuysk,56.1481,113.4267,-7.65,98,100,5.08,overcast clouds
447,Touros,-5.1989,-35.4608,81.5,76,10,12.37,clear sky
448,Yarada,17.65,83.2667,82.72,57,40,11.5,haze
449,Svobodnyy,51.4,128.1333,4.5,95,100,7.4,light snow
450,Gujranwala,32.1617,74.1883,59.05,20,6,3.49,clear sky
451,Teya,60.3778,92.6267,-1.5,96,99,0.25,overcast clouds
452,Akyab,20.15,92.9,81.81,46,0,9.69,clear sky
453,Pimenta Bueno,-11.6725,-61.1936,73.69,99,100,3.65,moderate rain
454,Tessalit,20.1986,1.0114,67.15,10,100,7.58,overcast clouds
455,Copiapo,-27.3667,-70.3333,55.09,79,0,2.21,clear sky
456,Mar Del Plata,-38.0023,-57.5575,61.88,68,0,5.01,clear sky
457,Puerto Rico,-26.796,-55.024,69.35,82,100,0.56,overcast clouds
458,Sorland,67.667,12.6934,40.86,84,77,9.17,broken clouds
459,Libertador General San Martin,-23.8064,-64.7876,72.66,95,93,1.74,overcast clouds
460,Katherine,-14.4667,132.2667,102.52,22,75,2.3,broken clouds
461,Mazamari,-11.3258,-74.5308,70.39,98,100,1.7,overcast clouds
462,Zhangye,38.9342,100.4517,27.91,31,0,1.86,clear sky
463,Grindavik,63.8424,-22.4338,39.67,93,75,9.22,broken clouds
464,Varkkallai,8.7341,76.7067,87.58,51,86,3.18,overcast clouds
465,Sao Jose Da Coroa Grande,-8.8978,-35.1478,77.04,84,85,6.96,light rain
466,Madang,-5.2246,145.7966,84.36,74,100,6.91,overcast clouds
467,Medicine Hat,50.0501,-110.6683,27.21,64,1,4.0,clear sky
468,Raudeberg,61.9875,5.1352,47.98,77,100,8.01,overcast clouds
469,Matara,5.9485,80.5353,82.99,78,96,12.88,overcast clouds
470,Osa,57.2829,55.4567,7.03,89,72,4.16,broken clouds
471,Ucluelet,48.9329,-125.5528,38.08,88,100,13.09,overcast clouds
472,Labuhan,-6.8844,112.2051,88.45,63,43,6.62,scattered clouds
473,Caravelas,-17.7125,-39.2481,73.45,94,99,4.85,overcast clouds
474,Mangrol,21.1167,70.1167,80.58,42,0,2.28,clear sky
475,Arlit,18.7369,7.3853,68.49,8,21,7.67,few clouds
476,Puerto Leguizamo,-0.1934,-74.7819,73.72,82,93,3.42,overcast clouds
477,Vardo,70.3705,31.1107,34.0,82,97,10.85,overcast clouds
478,Peace River,56.2501,-117.286,5.31,85,90,16.11,light snow
479,Samfya,-11.3649,29.5565,82.8,39,49,5.35,scattered clouds
480,Flinders,-34.5833,150.8552,73.18,64,0,5.7,clear sky
481,Tateyama,34.9833,139.8667,57.47,44,4,11.97,clear sky
482,Mayo,38.8876,-76.5119,42.13,60,1,1.01,clear sky
483,Roma,43.2128,-75.4557,41.86,62,100,11.41,overcast clouds
484,Homer,59.6425,-151.5483,12.07,67,1,0.0,clear sky
485,Luis Correia,-2.8792,-41.6669,79.14,80,87,13.31,overcast clouds
486,Puerto Madryn,-42.7692,-65.0385,57.33,66,19,6.4,few clouds
487,Belle Fourche,44.6714,-103.8522,47.71,35,7,8.48,clear sky
488,Young,-32.6833,-57.6333,67.23,85,100,7.11,light rain
489,Gabu,12.2833,-14.2167,68.29,54,43,2.28,scattered clouds
490,Doha,25.2867,51.5333,71.58,62,0,6.91,clear sky
491,Hitachi,36.6,140.65,51.55,49,0,20.8,clear sky
492,Visnes,59.3556,5.2242,48.81,93,75,20.71,light intensity drizzle rain
493,Arrifes,37.7667,-25.7,54.23,62,40,8.05,scattered clouds
494,Zyryanka,65.75,150.85,-30.24,96,100,9.33,overcast clouds
495,Poum,-20.2333,164.0167,79.36,89,100,16.64,overcast clouds
496,Cap Malheureux,-19.9842,57.6142,83.46,62,4,8.99,clear sky
497,Kamenskiy,50.8855,45.488,18.7,78,100,10.02,overcast clouds
498,Paris,48.8534,2.3488,49.14,96,90,1.01,overcast clouds
499,Beringovskiy,63.05,179.3167,14.59,86,100,25.99,light snow
500,Knysna,-34.0363,23.0471,68.38,88,93,3.36,light rain
501,Pemba,-12.974,40.5178,84.9,70,75,9.22,broken clouds
502,Bambanglipuro,-7.95,110.2833,85.14,66,31,10.71,scattered clouds
503,Langsa,4.4683,97.9683,84.09,71,63,4.99,broken clouds
504,Skelleftea,64.7507,20.9528,26.96,69,40,4.61,scattered clouds
505,Lagos,6.5833,3.75,80.92,84,22,1.45,few clouds
506,Southbridge,42.0751,-72.0334,38.84,53,0,1.99,clear sky
507,Radzyn Podlaski,51.7833,22.6167,29.05,96,13,4.52,few clouds
508,Kualakapuas,-3.0091,114.3876,80.76,75,77,5.46,moderate rain
509,Constitucion,-35.3333,-72.4167,49.78,70,0,5.99,clear sky
510,Moquegua,-17.1956,-70.9353,60.93,84,100,1.61,overcast clouds
511,Vostok,46.4856,135.8833,1.31,93,100,6.2,overcast clouds
512,Gat,31.61,34.7642,73.4,40,100,2.28,overcast clouds
513,Zhezkazgan,47.8043,67.7144,17.58,79,90,22.37,overcast clouds
514,Rundu,-17.9333,19.7667,75.65,66,98,3.27,overcast clouds
515,Zlynka,52.4267,31.7378,39.63,91,100,5.75,overcast clouds
516,Tura,25.5198,90.2201,74.75,42,0,3.18,clear sky
517,Samarai,-10.6167,150.6667,84.31,74,100,15.95,overcast clouds
518,Belaya Gora,68.5333,146.4167,-48.01,100,97,1.05,overcast clouds
519,Grosuplje,45.9556,14.6589,36.3,95,99,0.67,overcast clouds
520,Santos Reyes Nopala,16.1092,-97.1561,66.99,67,0,5.03,clear sky
521,Balabac,7.9868,117.0645,83.86,75,60,13.87,moderate rain
522,Glendive,47.1053,-104.7125,29.82,84,1,9.22,clear sky
523,Santa Fe,-31.6333,-60.7,69.03,93,100,1.01,light rain
524,Svetlogorsk,52.6333,29.7333,35.56,95,100,4.09,overcast clouds
525,Cambridge,43.3601,-80.3127,42.13,65,75,3.0,broken clouds
526,Plettenberg Bay,-34.0527,23.3716,67.14,93,94,5.73,light rain
527,Aksehir,38.3575,31.4164,47.82,73,0,5.55,clear sky
528,Tevaitoa,-16.7833,-151.5,81.36,73,100,11.12,overcast clouds
529,Muscat,23.6139,58.5922,77.02,53,0,3.6,clear sky
530,Laguna,38.421,-121.4238,53.1,90,90,4.0,moderate rain
531,Sabang,5.8933,95.3214,81.86,75,58,17.2,broken clouds
532,Nalut,30.3333,10.85,41.49,73,1,7.58,clear sky
533,Westport,41.1415,-73.3579,43.75,56,1,1.99,clear sky
534,Swift Current,50.2834,-107.8014,22.01,79,1,13.8,clear sky
535,Cochrane,51.1834,-114.4687,19.06,47,1,3.44,clear sky
536,Xinzhou,38.4092,112.7333,34.0,23,0,1.61,clear sky
537,Odweyne,9.4092,45.064,72.48,36,6,3.02,clear sky
538,Olinda,-8.0089,-34.8553,76.73,83,75,8.05,broken clouds
539,Sao Joao Da Barra,-21.6403,-41.0511,75.38,90,100,12.5,overcast clouds
540,Kumla,59.1277,15.1434,33.33,100,90,4.61,mist
541,La Romana,18.4273,-68.9728,76.73,95,14,10.69,few clouds
542,Omsukchan,62.5333,155.8,-8.68,99,100,9.69,overcast clouds
543,Chara,56.9064,118.2631,-7.13,91,99,0.27,overcast clouds
544,Biak,-0.9131,122.8766,84.11,72,100,3.22,overcast clouds
545,El Tigre,8.8875,-64.2454,71.96,92,79,8.05,broken clouds
546,Hami,42.8,93.45,27.09,37,6,3.11,clear sky
547,Prince Rupert,54.3161,-130.3201,35.29,80,75,9.22,broken clouds
548,Karratha,-20.7377,116.8463,97.56,29,0,21.65,clear sky
549,Channel-Port Aux Basques,47.5702,-59.1367,37.44,73,99,34.23,overcast clouds
550,Nata,8.3333,-80.5167,72.19,88,13,5.03,few clouds
551,Duku,11.2361,4.9073,73.58,21,100,4.38,overcast clouds
552,Maniitsoq,65.4167,-52.9,21.54,57,3,5.01,clear sky
553,Edd,13.9297,41.6925,84.92,42,0,14.83,clear sky
554,Lata,40.1629,-8.3327,54.01,87,2,4.63,clear sky
555,Remanso,-9.6179,-42.0831,75.34,67,93,8.34,overcast clouds
556,Ondjiva,-17.0667,15.7333,75.92,62,80,7.56,broken clouds
557,Bonfim,3.0833,-59.95,75.42,87,100,7.02,overcast clouds
558,Hoi An,15.8794,108.335,76.96,81,88,15.88,overcast clouds
559,Kilindoni,-7.9139,39.6668,80.89,70,6,4.23,clear sky
560,Coahuayana,18.7333,-103.6833,74.3,92,23,4.41,few clouds
561,Freeport,40.6576,-73.5832,43.97,54,1,7.0,clear sky
562,Aurdal,60.9242,9.4159,30.76,97,100,1.21,overcast clouds
563,Vila Franca Do Campo,37.7167,-25.4333,56.19,62,99,13.44,overcast clouds
564,Oktyabrskoye,43.0645,44.7417,30.34,92,90,6.71,overcast clouds
565,Huarmey,-10.0681,-78.1522,66.63,88,69,6.46,broken clouds
566,Auki,-8.7676,160.7034,81.21,88,100,9.91,overcast clouds
567,Asau,46.4333,26.4,36.39,82,100,2.98,overcast clouds
568,Sobolevo,54.4299,31.8996,31.89,99,100,3.24,snow
569,Snyder,32.7179,-100.9176,53.74,39,0,13.27,clear sky
570,San Jose,37.3394,-121.895,55.89,84,90,7.0,overcast clouds
571,Talcahuano,-36.7167,-73.1167,49.68,87,0,4.61,clear sky
572,Casablanca,33.5928,-7.6192,50.02,100,90,2.3,mist
573,Brae,60.3964,-1.353,46.31,79,100,39.46,overcast clouds
574,Sept-Iles,50.2001,-66.3821,30.63,69,40,9.22,scattered clouds
575,Santiago Del Estero,-27.7951,-64.2615,68.81,91,100,8.28,overcast clouds
576,Portree,57.4129,-6.1942,42.85,73,89,17.92,overcast clouds
577,Great Falls,47.5002,-111.3008,35.42,76,90,1.01,overcast clouds
578,Honningsvag,70.9821,25.9704,38.95,87,90,16.11,overcast clouds
579,Kigoma,-4.8769,29.6267,73.99,83,75,5.75,moderate rain
580,North Auburn,38.9313,-121.0819,46.92,93,90,17.27,mist
581,Jenks,36.0229,-95.9683,45.45,57,1,6.91,clear sky
582,Sheltozero,61.3667,35.3667,25.45,96,100,5.99,light snow
583,Severodvinsk,64.5635,39.8302,12.31,94,100,6.46,overcast clouds
584,Abu Samrah,35.3029,37.1841,59.77,41,100,5.79,overcast clouds
585,Kedrovyy,56.1667,91.8167,0.01,91,100,5.61,overcast clouds
586,Praxedis Guerrero,31.3667,-106.0167,47.79,51,7,1.48,clear sky
587,Consett,54.854,-1.8316,44.17,87,100,6.64,overcast clouds
588,Veraval,20.9,70.3667,80.92,43,0,2.26,clear sky
589,Orhei,47.3831,28.8231,42.8,91,99,8.48,overcast clouds
590,Nouadhibou,20.931,-17.0347,60.78,72,0,16.11,clear sky
591,La Gomera,14.0833,-91.05,71.65,86,0,4.76,clear sky
592,Skuratovskiy,54.1108,37.6011,27.03,84,100,9.55,light snow
593,Casper,42.8666,-106.3131,37.99,38,1,29.93,clear sky
594,Zaysan,47.4667,84.8667,18.27,95,100,2.42,light snow
595,Havelock,34.8791,-76.9013,45.93,67,0,4.09,clear sky
596,Watertown,42.3709,-71.1828,40.86,53,1,4.0,clear sky
597,San Quintin,30.4833,-115.95,48.43,80,22,1.28,few clouds
598,Inta,66.0317,60.1659,8.74,90,100,6.91,overcast clouds
599,Hamilton,39.1834,-84.5333,37.89,73,1,1.01,clear sky
600,Severo-Yeniseyskiy,60.3725,93.0408,-5.87,98,97,0.34,overcast clouds
601,Pasni,25.2631,63.471,75.25,25,4,11.45,clear sky
602,Grand Gaube,-20.0064,57.6608,83.37,60,6,14.0,clear sky
603,Molepolole,-24.4066,25.4951,66.34,68,100,16.2,overcast clouds
604,Pudozh,61.8099,36.5345,21.74,97,100,3.62,light snow
605,Porto De Moz,-1.7483,-52.2383,73.56,96,100,2.51,overcast clouds
606,Mugur-Aksy,50.35,90.5,14.77,83,99,2.71,overcast clouds
607,Avanigadda,16.0215,80.9181,86.14,66,100,10.8,overcast clouds
608,Fare,-16.7,-151.0167,80.44,75,100,7.94,light rain
609,Winslow,35.0242,-110.6974,39.0,39,5,3.47,clear sky
610,Ouegoa,-20.35,164.4333,77.72,92,100,6.62,overcast clouds
611,Paracuru,-3.41,-39.0306,81.1,76,74,11.92,broken clouds
612,Likhoslavl,57.1275,35.464,29.35,98,100,7.29,snow
613,Lamu,-2.2717,40.902,84.42,69,24,11.03,light rain
614,Port-Gentil,-0.7193,8.7815,80.67,79,100,3.36,overcast clouds
615,Terrace,54.5163,-128.6035,24.71,86,90,16.11,overcast clouds
616,Dakar,14.6937,-17.4441,73.53,68,100,4.61,overcast clouds
617,Koraput,18.8167,82.7167,72.61,50,100,4.85,overcast clouds
618,Lorengau,-2.0226,147.2712,84.63,77,100,13.82,overcast clouds
619,Lipin Bor,60.2622,37.9763,26.76,97,100,9.31,light snow
620,Bangkal,6.0667,121.0667,83.12,77,100,3.27,overcast clouds
621,Shu,43.5983,73.7614,44.33,56,100,4.47,overcast clouds
622,Katsuura,35.1333,140.3,55.44,43,4,11.95,clear sky
623,Saurimo,-9.6608,20.3916,71.11,89,100,3.6,overcast clouds
624,Gidam,18.9833,81.4,81.79,38,94,2.48,overcast clouds
625,Porto Novo,6.4965,2.6036,80.42,85,18,2.24,few clouds
626,Victor Harbor,-35.5667,138.6167,70.81,70,100,1.01,overcast clouds
627,Dunedin,-45.8742,170.5036,58.46,81,41,8.43,scattered clouds
628,Seoul,37.5683,126.9778,36.79,27,0,10.36,clear sky
629,Bairiki,1.3292,172.9752,82.4,74,40,9.22,scattered clouds
630,Byron Bay,-28.65,153.6167,78.91,66,0,13.24,clear sky
631,Pacific Grove,36.6177,-121.9166,55.42,84,90,7.0,overcast clouds
632,Birin,26.8865,88.0718,59.58,47,2,6.13,clear sky
633,Marsa Matruh,31.3525,27.2453,61.38,48,10,5.97,clear sky
634,Nago,26.5881,127.9761,68.07,65,87,15.84,overcast clouds
635,Ternate,0.8,127.4,83.44,76,14,10.71,few clouds
636,Lokhvytsya,50.3678,33.2602,35.56,71,100,9.8,overcast clouds
637,Svirstroy,60.7999,33.7248,25.83,97,100,3.69,light snow
638,Arucas,28.1198,-15.5233,59.77,80,24,7.49,few clouds
639,Port Blair,11.6667,92.75,82.94,64,100,16.33,overcast clouds
640,Cap-Aux-Meules,47.3821,-61.8597,35.62,64,21,25.32,few clouds
641,Saint Anthony,45.0205,-93.218,32.29,83,1,3.44,clear sky
642,Salawagan,7.7053,125.115,83.28,73,100,3.38,overcast clouds
643,Karpogory,64.0019,44.4451,8.42,98,100,4.38,overcast clouds
644,Lebyazhye,55.2689,66.4947,12.94,88,44,9.73,scattered clouds
645,Pimentel,-6.8367,-79.9342,65.98,85,74,8.39,broken clouds
646,Mandali,33.7499,45.5541,64.62,18,17,2.42,few clouds
647,Shubarkuduk,49.1447,56.4872,21.0,63,0,10.8,clear sky
648,Abdanan,32.9926,47.4198,60.26,19,73,4.94,broken clouds
649,Port Lincoln,-34.7333,135.8667,63.59,55,4,13.62,clear sky
650,Ivangorod,59.3716,28.2162,33.35,98,100,7.14,overcast clouds
651,Progreso,21.2833,-89.6667,75.11,83,5,10.25,clear sky
652,Gubkinskiy,64.434,76.5026,-25.38,87,11,7.92,few clouds
653,Tocopilla,-22.092,-70.1979,65.59,74,1,5.57,clear sky
654,San Jeronimo,-11.9472,-75.2829,48.16,90,78,1.21,broken clouds
655,Brazzaville,-4.2658,15.2832,73.76,94,20,3.44,few clouds
656,Yenagoa,4.9247,6.2642,80.82,82,91,3.56,overcast clouds
657,Krasnopavlivka,49.1372,36.3272,33.85,65,100,14.05,overcast clouds
658,Jiayuguan,39.8167,98.3,31.17,19,13,3.96,few clouds
659,Sumbe,-11.2061,13.8437,75.6,94,100,3.67,moderate rain
660,Ayame,5.6083,-3.1563,75.74,93,13,0.43,few clouds
661,San Blas,21.5167,-105.2667,68.81,88,19,3.22,few clouds
662,Filadelfia,39.9523,-75.1638,40.03,61,1,1.01,clear sky
663,Ersekcsanad,46.2535,18.9846,36.75,87,99,6.91,overcast clouds
664,Artesia,33.8658,-118.0831,56.32,82,1,4.61,clear sky
665,San Cataldo,37.4841,13.9854,46.0,81,3,4.03,clear sky
666,Shaowu,27.3409,117.4831,53.78,80,100,1.03,overcast clouds
667,Fallon,39.4735,-118.7774,46.92,55,90,9.22,overcast clouds
668,Hwange,-18.3693,26.5019,90.46,27,100,10.51,overcast clouds
669,Ballina,-28.8667,153.5667,78.98,68,1,13.8,clear sky
670,Buin,-33.7333,-70.75,61.74,71,0,1.05,clear sky
671,Ust-Karsk,52.7011,118.8077,7.18,95,91,0.76,overcast clouds
672,Ambilobe,-13.2,49.05,93.2,32,3,1.97,clear sky
673,Alekseyevskaya,50.2896,42.1845,21.74,45,100,15.28,overcast clouds
674,Namtsy,62.7161,129.6658,-34.49,99,100,3.22,overcast clouds
675,Przhevalskoye,55.5093,31.8482,32.2,99,100,2.24,overcast clouds
676,Northam,51.0333,-4.2167,53.02,95,100,17.02,overcast clouds
677,Shujaabad,29.8797,71.2931,64.45,16,1,1.92,clear sky
678,Kelso,46.1468,-122.9084,41.41,94,90,8.05,moderate rain
679,Mugumu,-1.85,34.7,78.66,37,88,10.33,overcast clouds
680,Mariental,-24.6333,17.9667,82.78,10,9,7.58,clear sky
681,Mumford,5.2618,-0.759,79.84,86,100,4.59,overcast clouds
682,Xinyu,27.8043,114.9334,54.55,57,100,4.92,overcast clouds
683,Conde,-7.2597,-34.9075,76.46,94,75,6.91,light rain
